{"0.9560916425196344":{"user_id":1},"0.5068218816282837":{"user_id":1},"0.5931049667958206":{"user_id":1},"0.01208983059943991":{"user_id":1}}